notsb,8fb98a85-e4e1-3f19-8b72-43b0c3c766bc
wsdg123,23fe9fa7-9af8-3427-b08d-c082ce49bbd3
l_z_w,4077951a-2af1-3f35-a08d-d86fa8d56ee8
advantace,94012116-3eb0-3c2b-bb51-77dcf71102ef
wdsddj,8a9f66cb-7d8d-3e52-8a8e-0b3a3b4a5cf5
long_shao,821e8047-d238-373d-a02c-78258d244f68
doc_yan,bfc6b6d1-1e80-3190-959c-2c934cb61cd7
hong_cha,f84607bb-baab-3f28-90ec-0a40ee841233
tax,d058b140-bb37-3366-9c6b-6384956ee08b
mo_ran,6ac341ac-05be-3644-99f2-5f2f31e60fed
suizhihao,73df4e8a-5984-3657-b824-fa20075c0f29
mr_kang,99dabd12-916c-3dda-bea0-9841e862a16f
kongfujun,0f16e67d-51b5-35c2-8b9c-ce5137f70ab1
lan_yu,d51d4c21-7100-3f84-ab1f-7e04d1e81c30
mcdazui_shuai,86bdce51-7905-335a-ba3d-f744466dea5e
bei_cheng_nian,4e07d618-6c68-3391-b8e9-9a43809f5453
skj_lg,22c609cc-6627-3b21-b483-1f30b910fed4
small_jianbai,20177866-6cb7-3403-9a49-1e07c4a9d221
blue_lonely,7055d475-3dca-36ce-ab47-742cddaa3f8f
jian_bai,cd3cf801-e17a-36bc-b5a8-a0ec6b3d8242
lcbw,eebd47d3-7c1c-3888-b746-6dfe6514c1b7
siroskariam,15d1ad8c-3f8c-33e7-baf4-c0b20be52382
